<?xml version="1.0" encoding="UTF-8"?>
<Configuration status="warn">

    <Appenders>
        <Console name="Console" target="SYSTEM_OUT">
            <LogstashLayout dateTimeFormatPattern="yyyy-MM-dd'T'HH:mm:ss.SSS'Z'"
                            templateUri="classpath:LogstashJsonEventLayoutV1.json"
                            prettyPrintEnabled="false"
                            stackTraceEnabled="true"
                            locationInfoEnabled="true"/>
        </Console>
    </Appenders>

    <Loggers>
        <Root level="debug" additivity="false">
            <AppenderRef ref="Console"/>
        </Root>
    </Loggers>

</Configuration>