<?xml version="1.0" encoding="UTF-8"?>
<!--
  ~ IBM Confidential - OCO Source Materials
  ~ Copyright (c) IBM Corp. 1992, 2007
  ~ Copyright (c) Internet Security Systems, Inc. 1992-2006
  ~ The source code for this program is not published or otherwise divested of its trade secrets,
  ~ irrespective of what has been deposited with the U.S. Copyright Office.
  -->
<suppressions xmlns="https://jeremylong.github.io/DependencyCheck/dependency-suppression.1.1.xsd">
    <suppress>
        <notes><![CDATA[
        This suppresses false positives MSS modules.
        1) cpe:/a:sec_project:sec > suppressing mss modules like log-formating-utils, mss-utils
        2) cpe:/a:swagger:swagger-parser > suppressing swagger-parser which came from mss modules
        3) cpe:/a:jwt_project:jwt > suppressing jwt_verify module from MSS package, which is false described as vulnerable
        open-source module with the same name
        ]]></notes>
        <cpe>cpe:/a:sec_project:sec</cpe>
        <cpe>cpe:/a:swagger:swagger-parser</cpe>
        <cpe>cpe:/a:jwt_project:jwt</cpe>
    </suppress>
    <suppress>
        <notes><![CDATA[
        file name: elasticsearch-ssl-1.4.2.jar
        ]]></notes>
        <sha1>89f3e6641ed3c743ef0195a006484fef59b7c37c</sha1>
        <cpe>cpe:/a:elasticsearch:elasticsearch</cpe>
    </suppress>
    <suppress>
        <notes><![CDATA[Suppressing a CVE that impacts server-side ES]]></notes>
        <cve>CVE-2015-1427</cve>
    </suppress>
    <suppress>
        <notes><![CDATA[suppress because this references an internal jar named mss-gradle]]></notes>
        <cve>CVE-2019-15052</cve>
        <cve>CVE-2019-11065</cve>
        <cve>CVE-2019-16370</cve>
    </suppress>
    <suppress>
        <notes><![CDATA[suppress a false positive swagger core parser jar]]></notes>
        <cve>CVE-2019-7238</cve>
        <cve>CVE-2020-10199</cve>
        <cve>CVE-2014-9389</cve>
        <cve>CVE-2020-10204</cve>
        <cve>CVE-2020-10203</cve>
    </suppress>
    <suppress>
        <cve>CVE-2019-17640</cve>
    </suppress>
    <suppress>
        <cve>CVE-2020-11979</cve>
    </suppress>
    <suppress>
        <notes>![CDATA[
            This the CVE's for mss-gradle-0.8.1 as a false-positive - follow up of jira ticket number XPS-82538
            ]]</notes>
        <cve>CVE-2021-29429</cve>
    </suppress>
    <suppress>
        <notes><![CDATA[suppress a false positive vertx-core-3.8.0.jar]]></notes>
        <cve>CVE-2018-12541</cve>
    </suppress>
    <suppress>
        <notes>![CDATA[
            jwt_verify-0.1.8.jar was supressed a false positive in Jira XPS-94028
            ]]</notes>
        <cve>CVE-2021-29677</cve>
        <cve>CVE-2021-29676</cve>
        <cve>CVE-2021-20583</cve>
    </suppress>
    <suppress>
        <cve>CVE-2021-29428</cve>
        <cve>CVE-2021-22118</cve>
    </suppress>
 	<suppress>
      <notes>![CDATA[
             suppressing false positives during K8s to OCP Migration 
           ]]</notes>
      <cve>CVE-2018-14720</cve>
      <cve>CVE-2018-19362</cve>
      <cve>CVE-2020-9546</cve>
      <cve>CVE-2019-16942</cve>
      <cve>CVE-2019-16943</cve>
      <cve>CVE-2019-16335</cve>
      <cve>CVE-2018-11307</cve>
      <cve>CVE-2018-14718</cve>
      <cve>CVE-2019-17531</cve>
      <cve>CVE-2020-9548</cve>
      <cve>CVE-2020-9547</cve>
      <cve>CVE-2019-14540</cve>
      <cve>CVE-2019-20330</cve>
      <cve>CVE-2018-19361</cve>
      <cve>CVE-2019-14893</cve>
      <cve>CVE-2018-14721</cve>
      <cve>CVE-2020-8840</cve>
      <cve>CVE-2018-19360</cve>
      <cve>CVE-2019-17267</cve>
      <cve>CVE-2019-14379</cve>
      <cve>CVE-2019-14892</cve>
      <cve>CVE-2018-8088</cve>
      <cve>CVE-2018-14719</cve>
      <cve>CVE-2018-7489</cve>
      <cve>CVE-2021-37136</cve>
      <cve>CVE-2021-37137</cve>
      <cve>CVE-2020-14060</cve>
      <cve>CVE-2018-12023</cve>
      <cve>CVE-2020-36185</cve>
      <cve>CVE-2020-36182</cve>
      <cve>CVE-2020-10969</cve>
      <cve>CVE-2020-36184</cve>
      <cve>CVE-2017-18640</cve>
      <cve>CVE-2021-32751</cve>
      <cve>CVE-2020-11620</cve>
      <cve>CVE-2020-14062</cve>
      <cve>CVE-2020-36180</cve>
      <cve>CVE-2020-36181</cve>
      <cve>CVE-2021-37137</cve>
      <cve>CVE-2020-24750</cve>
      <cve>CVE-2019-14439</cve>
      <cve>CVE-2020-24616</cve>
      <cve>CVE-2014-0792</cve>
      <cve>CVE-2018-12022</cve>
      <cve>CVE-2020-11112</cve>
      <cve>CVE-2020-35490</cve>
      <cve>CVE-2020-35728</cve>
      <cve>CVE-2019-12086</cve>
      <cve>CVE-2020-11619</cve>
      <cve>CVE-2020-25649</cve>
      <cve>CVE-2020-36188</cve>
      <cve>CVE-2020-35491</cve>
      <cve>CVE-2020-11113</cve>
      <cve>CVE-2020-36186</cve>
      <cve>CVE-2021-20190</cve>
      <cve>CVE-2020-11111</cve>
      <cve>CVE-2020-14061</cve>
      <cve>CVE-2020-36189</cve>
      <cve>CVE-2020-10672</cve>
      <cve>CVE-2021-37136</cve>
      <cve>CVE-2020-14195</cve>
      <cve>CVE-2020-36187</cve>
      <cve>CVE-2020-36179</cve>
      <cve>CVE-2020-10673</cve>
      <cve>CVE-2020-10968</cve>
      <cve>CVE-2020-36183</cve>
      <cve>CVE-2021-43797</cve>
      <cve>CVE-2020-13956</cve>
      <cve>CVE-2021-22096</cve>
      <cve>CVE-2021-44832</cve>
      <cve>CVE-2019-12384</cve>
      <cve>CVE-2021-29425</cve>
      <cve>CVE-2021-43797</cve>
      <cve>CVE-2021-20291</cve>
      <cve>CVE-2019-12814</cve>
      <cve>CVE-2021-21409</cve>
      <cve>CVE-2018-1000873</cve>
      <cve>CVE-2021-22060</cve>
      <cve>CVE-2020-8908</cve>
      <cve>CVE-2021-42550</cve>
   </suppress>
</suppressions>
